"COL0","COL1"
"3520",4334.40
"35200002",7063.50
"35200003",7158.10
"35200004",7868.90
"35200005",9209.90
"35200006",9213.30
"35200007",8436.70
"35200009",4592.50
"35200010",7569.10
"35200012",10589.50
"35200013",8082.20
"35200018",2820.70
"35200028",9467.70
"35200029",8552.00
"35200030",5432.70
"35200031",4928.80
"35200032",2985.30
"35200033",4816.00
"35200034",1280.60
"35200035",5924.30
"35200036",6791.00
"35200037",5370.40
"35200039",5080.90
"35200041",4061.20
"35200042",4050.60
"35200043",718.20
"35200044",8297.90
"35200046",8331.50
"35200047",17615.70
"35200048",10524.10
"35200049",10125.20
"35200050",1840.40
"35200051",7001.50
"35200052",2322.40
"35200053",6402.40
"35200054",3321.30
"35200055",4710.10
"35200056",347.50
"35200057",10081.30
"35200058",11363.60
"35200062",5575.40
"35200064",4615.40
"35200065",6710.10
"35200066",5948.30
"35200067",6101.90
"35200068",8926.70
"35200069",5125.70
"35200070",7798.00
"35200071",8273.20
"35200072",3128.20
"35200073",6842.10
"35200074",6713.50
"35200078",4537.30
"35200079",12772.80
"35200080",1973.10
"35200082",6990.10
"35200085",4332.50
"35200086",4566.70
"35200087",3448.50
"35200088",4412.00
"35200089",3776.90
"35200090",4399.10
"35200091",7705.90
"35200092",4284.10
"35200093",4327.70
"35200094",220.80
"35200095",7271.50
"35200096",7821.40
"35200097",8201.20
"35200099",7514.10
"35200100",4466.00
"35200101",6637.10
"35200102",3325.90
"35200103",4929.80
"35200104",5199.00
"35200105",6834.80
"35200106",5110.40
"35200107",5632.80
"35200108",7392.00
"35200109",3093.50
"35200110",7016.10
"35200111",8678.00
"35200112",7384.60
"35200114",6219.80
"35200115",6848.40
"35200116",7388.30
"35200117",8463.00
"35200118",8602.90
"35200119",8412.30
"35200120",6256.10
"35200121",8069.60
"35200123",6456.60
"35200124",5215.30
"35200125",9684.70
"35200126",9920.80
"35200127",8055.00
"35200128",1664.80
"35200133",5613.90
"35200134",5192.90
"35200135",8571.40
"35200136",8408.70
"35200137",7337.30
"35200138",8713.80
"35200139",201.70
"35200140",224.10
"35200141",4246.80
"35200142",6953.70
"35200143",6278.30
"35200144",1199.80
"35200145",12117.10
"35200146",7766.40
"35200147",3576.60
"35200148",3192.20
"35200149",4060.80
"35200150",13123.20
"35200161",8099.30
"35200162",7031.10
"35200163",4091.50
"35200164",2800.50
"35200165",4659.90
"35200166",4077.30
"35200167",4316.30
"35200173",7114.30
"35200174",5719.60
"35200175",3456.40
"35200176",6789.90
"35200177",1280.20
"35200178",5198.90
"35200179",1458.20
"35200180",4595.40
"35200181",6435.10
"35200182",8537.60
"35200183",3749.10
"35200186",7273.80
"35200187",5400.70
"35200188",12543.10
"35200189",4082.20
"35200190",4241.10
"35200193",2644.60
"35200196",1706.40
"35200197",3788.60
"35200198",3485.70
"35200199",4074.10
"35200200",2562.40
"35200201",3978.80
"35200202",2898.30
"35200203",2799.80
"35200204",5441.10
"35200205",4707.50
"35200206",3408.60
"35200207",3269.20
"35200208",3818.80
"35200209",6825.70
"35200210",2998.30
"35200211",7328.80
"35200212",4059.70
"35200213",3077.30
"35200214",3342.10
"35200215",2224.70
"35200216",2447.60
"35200217",2959.80
"35200218",1160.60
"35200219",3220.50
"35200220",1865.90
"35200221",5053.20
"35200222",12270.70
"35200223",3777.00
"35200224",4103.50
"35200232",10308.60
"35200233",3043.50
"35200234",5021.90
"35200235",2536.20
"35200236",4121.30
"35200237",4371.30
"35200238",1368.60
"35200239",3695.90
"35200242",3371.70
"35200243",4188.10
"35200244",4014.00
"35200245",7325.30
"35200246",3616.80
"35200249",5256.40
"35200250",5108.80
"35200251",3009.60
"35200252",3853.00
"35200253",2770.00
"35200254",2913.20
"35200255",2390.40
"35200256",5507.40
"35200260",3002.00
"35200261",5512.70
"35200262",5938.90
"35200263",4185.80
"35200264",6335.00
"35200265",3251.40
"35200266",3834.90
"35200267",8249.80
"35200268",13643.00
"35200269",7636.80
"35200271",17613.60
"35200272",17043.60
"35200273",70492.50
"35200275",3008.90
"35200278",2679.40
"35200279",3676.10
"35200280",15475.00
"35200281",7700.10
"35200284",19783.10
"35200288",3957.60
"35200289",2173.80
"35200290",2964.60
"35200291",3275.20
"35200292",5385.10
"35200293",8269.20
"35200294",2308.40
"35200297",6973.90
"35200298",5157.90
"35200300",25040.70
"35200301",2211.30
"35200302",2975.70
"35200303",5060.70
"35200304",2658.60
"35200305",3804.30
"35200306",3989.90
"35200307",6736.60
"35200308",2335.40
"35200309",3039.70
"35200310",6385.70
"35200313",0.00
"35200315",11305.30
"35200316",34808.10
"35200317",12236.80
"35200318",12611.50
"35200319",8566.50
"35200320",12772.40
"35200321",1903.80
"35200322",3475.80
"35200323",5204.00
"35200324",5775.60
"35200325",10474.60
"35200326",3527.70
"35200327",7243.70
"35200328",2675.50
"35200329",812.70
"35200330",886.70
"35200331",2858.20
"35200332",1360.90
"35200333",2815.00
"35200334",3435.40
"35200335",3263.20
"35200336",3440.00
"35200337",3771.50
"35200338",3426.90
"35200339",9577.90
"35200352",21332.30
"35200355",2934.80
"35200357",3156.60
"35200358",4285.70
"35200359",3833.80
"35200360",3773.40
"35200361",3268.40
"35200362",3606.20
"35200363",2421.50
"35200364",8141.00
"35200366",5899.80
"35200368",4846.80
"35200370",1582.20
"35200371",1662.70
"35200372",2128.00
"35200373",1387.90
"35200374",3942.70
"35200375",9969.50
"35200376",944.40
"35200377",1344.30
"35200378",2463.50
"35200379",2719.30
"35200380",3354.00
"35200381",8940.90
"35200382",8006.90
"35200383",4241.10
"35200384",2502.40
"35200385",3510.60
"35200386",1722.70
"35200387",3219.00
"35200388",3601.50
"35200389",555.80
"35200391",3181.00
"35200392",3951.60
"35200393",1276.50
"35200394",2756.70
"35200395",1925.40
"35200396",3258.90
"35200397",2808.00
"35200400",1324.60
"35200401",2965.70
"35200402",3154.70
"35200404",9003.80
"35200405",2885.70
"35200406",4936.50
"35200407",3144.80
"35200408",3531.40
"35200409",5778.90
"35200410",19750.50
"35200411",8685.10
"35200412",20156.40
"35200413",9222.40
"35200414",10998.10
"35200415",1833.70
"35200416",2736.30
"35200417",3225.10
"35200418",21700.80
"35200420",5300.40
"35200421",4943.30
"35200422",2380.70
"35200423",10786.50
"35200426",5404.80
"35200427",4816.80
"35200428",5575.30
"35200429",10515.90
"35200430",3306.70
"35200431",2925.70
"35200432",3092.70
"35200433",5099.60
"35200434",3326.10
"35200435",3503.00
"35200436",5897.90
"35200437",2902.60
"35200438",2929.00
"35200439",3886.20
"35200440",4995.00
"35200442",8379.30
"35200443",6783.90
"35200444",4957.80
"35200445",1653.70
"35200449",5712.60
"35200450",2590.50
"35200451",4317.30
"35200452",582.80
"35200453",2347.60
"35200454",2667.60
"35200455",3363.60
"35200456",14347.10
"35200459",3126.80
"35200460",15129.70
"35200463",9367.50
"35200464",6222.90
"35200465",4944.10
"35200466",4124.40
"35200467",4372.90
"35200468",686.00
"35200469",3834.00
"35200470",4563.50
"35200471",29044.60
"35200472",6162.80
"35200475",2288.20
"35200478",4808.40
"35200479",5028.10
"35200480",4347.80
"35200481",5332.40
"35200482",5974.80
"35200483",4460.90
"35200484",21310.50
"35200488",5120.30
"35200489",9623.70
"35200490",4710.60
"35200491",3618.30
"35200492",4676.60
"35200493",4231.80
"35200494",5170.50
"35200495",2869.10
"35200497",28818.20
"35200498",4160.60
"35200499",8895.20
"35200505",8824.70
"35200506",5329.70
"35200510",7495.60
"35200511",7158.40
"35200512",6782.80
"35200513",6988.20
"35200514",7580.10
"35200515",4423.80
"35200516",7458.50
"35200517",6983.90
"35200518",9252.30
"35200519",7044.70
"35200520",6615.00
"35200521",6542.40
"35200522",6450.50
"35200523",3644.40
"35200524",4416.40
"35200525",2447.90
"35200529",2822.30
"35200531",4126.50
"35200532",3944.30
"35200533",3611.50
"35200534",3211.00
"35200535",6470.60
"35200536",7028.20
"35200538",8573.10
"35200539",21921.40
"35200540",32631.60
"35200541",7061.60
"35200542",29017.30
"35200545",1992.20
"35200561",1109.20
"35200562",5524.90
"35200563",4181.20
"35200564",5916.90
"35200565",4587.30
"35200566",6011.40
"35200567",5995.90
"35200568",6752.70
"35200569",8955.20
"35200570",9594.30
"35200571",9142.90
"35200572",10195.00
"35200573",8288.90
"35200574",6908.50
"35200575",3200.50
"35200576",5601.80
"35200577",9022.40
"35200578",8731.70
"35200579",8700.80
"35200580",9650.50
"35200581",8865.20
"35200582",8995.50
"35200583",10485.60
"35200584",8097.60
"35200585",11169.20
"35200586",10421.20
"35200587",10665.70
"35200588",7816.70
"35200589",9580.20
"35200590",10822.50
"35200591",7448.50
"35200593",13143.90
"35200594",5843.70
"35200595",10518.00
"35200596",5885.20
"35200597",8240.50
"35200598",5926.50
"35200599",7607.80
"35200600",8714.90
"35200601",7306.30
"35200602",7125.00
"35200603",7801.80
"35200604",8531.60
"35200605",9589.00
"35200606",8823.50
"35200610",9439.50
"35200611",7245.20
"35200612",8309.50
"35200639",24389.90
"35200640",5511.20
"35200641",35614.00
"35200642",3203.00
"35200643",3857.80
"35200644",1506.90
"35200645",6022.90
"35200646",5815.50
"35200647",5782.80
"35200648",13162.00
"35200649",7958.00
"35200650",7868.50
"35200651",9407.90
"35200652",8117.50
"35200653",9365.40
"35200654",5724.10
"35200655",6087.50
"35200656",10371.30
"35200657",8811.70
"35200658",2773.90
"35200659",5387.60
"35200660",5204.20
"35200661",22500.00
"35200662",13992.80
"35200663",8704.80
"35200664",9543.10
"35200665",8678.30
"35200666",8636.90
"35200667",10283.20
"35200668",10450.20
"35200669",10887.60
"35200670",10057.50
"35200671",9414.40
"35200672",6529.30
"35200673",19119.50
"35200674",8267.70
"35200675",6406.60
"35200676",7388.80
"35200677",8881.20
"35200678",3346.30
"35200679",9718.80
"35200680",11304.90
"35200681",9674.10
"35200682",8966.90
"35200683",5062.20
"35200686",8629.80
"35200687",11746.40
"35200688",6583.90
"35200689",12653.10
"35200690",13151.10
"35200691",9527.00
"35200692",9356.70
"35200693",10771.00
"35200694",6361.60
"35200695",9361.40
"35200696",5582.60
"35200697",15443.80
"35200698",6965.50
"35200699",12167.60
"35200700",12531.10
"35200701",11816.00
"35200702",8448.00
"35200703",6266.10
"35200704",8408.40
"35200705",13922.40
"35200706",7086.60
"35200707",10368.40
"35200708",3274.90
"35200709",10096.00
"35200710",9240.50
"35200711",6946.10
"35200712",10475.50
"35200713",11580.30
"35200714",9253.40
"35200715",10244.50
"35200716",9554.30
"35200717",10397.40
"35200718",15684.10
"35200719",3076.20
"35200720",8659.50
"35200724",9382.50
"35200725",9193.10
"35200726",8357.00
"35200727",6430.40
"35200728",14133.30
"35200729",7474.30
"35200730",7618.00
"35200731",8990.30
"35200732",7438.10
"35200733",12402.70
"35200734",8371.60
"35200735",7913.70
"35200736",10914.50
"35200737",5607.70
"35200738",9129.60
"35200739",9677.90
"35200740",6456.00
"35200741",7772.30
"35200744",4371.00
"35200745",2129.40
"35200746",670.40
"35200747",1087.90
"35200748",5177.40
"35200749",4520.20
"35200750",3868.40
"35200751",1905.40
"35200752",2714.50
"35200753",3328.10
"35200754",3807.00
"35200755",17768.90
"35200756",39810.40
"35200757",8976.40
"35200768",17566.40
"35200769",18823.50
"35200770",21069.40
"35200771",27164.20
"35200772",20070.90
"35200774",12303.50
"35200782",29556.70
"35200783",25000.00
"35200791",3164.10
"35200792",1329.80
"35200794",8143.70
"35200795",7901.20
"35200796",10148.30
"35200797",7711.70
"35200798",9203.40
"35200801",50349.50
"35200802",10513.60
"35200803",17388.50
"35200804",203.30
"35200805",17684.30
"35200806",4470.90
"35200807",7695.30
"35200808",10859.40
"35200809",11168.80
"35200810",20991.00
"35200811",15873.80
"35200812",9788.10
"35200813",10092.30
"35200814",33507.70
"35200815",23052.60
"35200821",18958.30
"35200822",11965.70
"35200826",73557.00
"35200827",25460.10
"35200828",35094.30
"35200829",0.00
"35200830",21148.60
"35200831",33522.70
"35200832",2213.80
"35200833",9285.70
"35200855",2628.00
"35200859",10986.40
"35200860",26877.20
"35200861",8608.80
"35200862",11652.20
"35200863",12342.30
"35200864",4993.80
"35200865",21335.40
"35200866",11534.40
"35200867",26514.30
"35200868",12393.90
"35200869",13870.30
"35200870",12775.90
"35200876",7182.90
"35200877",9541.30
"35200878",47941.20
"35200879",11612.90
"35200880",14680.20
"35200881",12106.80
"35200882",15021.30
"35200883",11056.50
"35200884",12506.00
"35200885",12756.10
"35200886",12349.10
"35200887",11228.40
"35200888",6767.70
"35200889",16280.80
"35200890",11878.80
"35200891",14310.30
"35200892",9320.50
"35200893",10943.40
"35200894",11139.80
"35200895",10299.10
"35200896",9053.70
"35200897",7497.00
"35200898",15654.60
"35200899",7046.20
"35200900",55795.50
"35200901",8629.60
"35200902",9897.20
"35200903",7366.50
"35200905",6551.30
"35200906",14280.70
"35200907",10913.70
"35200908",9917.90
"35200909",9197.80
"35200910",15012.60
"35200911",9542.00
"35200912",8985.10
"35200913",10966.70
"35200914",7572.60
"35200915",10552.30
"35200916",8262.20
"35200917",11526.00
"35200918",11042.70
"35200919",11166.20
"35200920",8700.40
"35200921",10230.80
"35200922",8080.50
"35200923",10894.60
"35200924",10454.50
"35200925",8657.40
"35200926",11349.70
"35200927",3832.90
"35200928",12032.80
"35200929",11441.70
"35200930",16254.40
"35200931",10760.60
"35200932",12515.30
"35200933",13042.00
"35200934",13442.60
"35200935",7662.60
"35200936",13221.80
"35200937",14098.90
"35200938",8613.30
"35200939",4594.30
"35200940",11538.50
"35200941",9572.20
"35200942",16328.80
"35200943",8461.50
"35200944",3038.60
"35200945",9319.90
"35200946",14568.70
"35200949",11750.00
"35200950",11985.50
"35200951",12572.00
"35200952",5073.70
"35200953",11300.00
"35200954",13309.60
"35200955",16472.70
"35200956",11946.10
"35200957",16755.60
"35200958",9488.40
"35200959",10793.40
"35200960",5680.10
"35200961",10239.80
"35200962",6679.60
"35200963",7028.40
"35200965",13617.00
"35200966",14329.90
"35200967",16102.90
"35200968",24948.10
"35200969",3403.40
"35200974",7969.20
"35200975",11216.90
"35200976",10083.60
"35200977",10582.90
"35200979",4092.00
"35200981",21036.00
"35200983",20236.70
"35200985",5310.90
"35200986",13763.40
"35200987",6609.30
"35200988",10396.60
"35200989",9638.60
"35200990",7866.90
"35200991",13333.30
"35200992",12097.30
"35200993",10370.40
"35200994",9074.40
"35200995",6044.20
"35200996",10204.10
"35200997",8591.00
"35200998",10292.70
"35200999",6889.20
"35201000",10183.90
"35201001",12831.50
"35201002",14140.30
"35201003",12888.90
"35201004",9200.00
"35201005",12668.20
"35201006",13679.20
"35201007",9813.80
"35201008",10563.00
"35201009",10952.40
"35201010",9986.20
"35201011",5387.20
"35201012",11656.80
"35201013",10059.50
"35201014",10660.90
"35201015",12455.50
"35201016",9080.60
"35201017",10686.00
"35201018",10392.20
"35201019",11700.00
"35201020",12652.10
"35201023",12127.70
"35201024",7043.80
"35201025",6851.20
"35201026",11046.20
"35201027",11371.90
"35201028",12309.50
"35201029",6511.30
"35201030",8852.80
"35201031",14036.40
"35201032",20592.60
"35201033",19773.40
"35201034",6501.00
"35201035",9774.40
"35201036",16092.00
"35201038",24861.70
"35201039",10397.70
"35201040",6750.90
"35201041",11336.00
"35201044",4761.10
"35201045",20000.00
"35201046",17278.30
"35201047",9590.20
"35201048",10287.20
"35201049",7368.90
"35201050",10063.70
"35201051",62336.40
"35201052",15082.90
"35201053",12845.50
"35201054",13064.80
"35201055",22135.90
"35201056",24500.00
"35201057",14234.80
"35201058",21111.10
"35201059",10117.00
"35201060",10831.00
"35201061",8969.60
"35201062",5839.80
"35201063",8157.10
"35201064",7785.90
"35201065",11944.40
"35201066",8874.50
"35201067",8096.20
"35201068",14684.50
"35201069",6863.30
"35201070",10573.10
"35201071",14033.60
"35201072",3885.20
"35201073",5779.70
"35201076",5168.50
"35201077",3620.10
"35201078",10695.60
"35201079",6090.70
"35201080",5452.40
"35201081",4738.10
"35201104",11446.10
"35201105",9476.10
"35201106",9428.60
"35201107",30373.10
"35201109",14772.20
"35201110",11085.80
"35201111",5747.00
"35201112",8498.20
"35201113",9062.50
"35201114",6844.10
"35201122",8102.00
"35201123",8656.70
"35201124",8742.50
"35201125",8984.90
"35201126",8222.20
"35201127",9779.30
"35201128",9455.80
"35201129",6479.20
"35201130",10111.40
"35201131",8377.40
"35201132",8923.30
"35201133",10356.40
"35201134",10461.80
"35201139",9649.40
"35201140",10552.90
"35201141",10244.80
"35201142",10378.50
"35201143",10745.10
"35201144",7182.70
"35201145",9316.50
"35201146",8676.80
"35201147",10831.10
"35201148",8253.40
"35201149",9627.30
"35201150",8349.10
"35201151",8009.80
"35201152",8288.10
"35201153",5688.50
"35201154",7368.40
"35201155",8194.40
"35201156",11586.50
"35201157",8696.70
"35201158",3607.20
"35201159",7807.50
"35201160",10967.70
"35201161",40461.50
"35201162",11769.10
"35201163",3301.50
"35201164",4761.90
"35201165",5353.00
"35201166",7792.20
"35201167",40000.00
"35201168",8352.90
"35201169",11648.60
"35201170",5911.20
"35201171",9407.40
"35201172",7644.40
"35201173",11710.10
"35201174",9441.10
"35201175",10573.80
"35201176",11038.00
"35201177",11994.80
"35201178",12513.40
"35201179",8991.30
"35201180",6245.50
"35201181",10629.50
"35201182",8066.00
"35201185",10449.20
"35201186",12447.00
"35201187",10645.20
"35201188",6392.30
"35201191",7303.40
"35201192",8047.80
"35201193",8472.50
"35201194",7214.10
"35201195",8112.40
"35201196",8475.80
"35201197",6774.20
"35201198",3274.10
"35201199",5332.00
"35201200",8292.30
"35201201",8033.10
"35201202",7427.10
"35201203",6695.60
"35201204",10174.70
"35201205",7775.10
"35201206",7872.60
"35201209",10117.60
"35201210",6228.40
"35201211",9834.40
"35201212",5510.00
"35201213",2967.20
"35201214",2666.70
"35201215",18071.60
"35201216",2959.60
"35201217",864.60
"35201219",37606.20
"35201222",4703.60
"35201228",2544.10
"35201240",8070.60
"35201241",7787.60
"35201242",11692.30
"35201243",5227.60
"35201244",4351.40
"35201249",6666.70
"35201250",5970.60
"35201251",9509.50
"35201252",1820.10
"35201253",5409.50
"35201254",3347.40
"35201255",4871.50
"35201256",4287.30
"35201257",4811.80
"35201259",5659.90
"35201263",7726.30
"35201264",1575.50
"35201267",4202.30
"35201278",8598.00
"35201279",9741.00
"35201280",11804.90
"35201281",9281.60
"35201282",8078.00
"35201283",9785.20
"35201284",9317.10
"35201285",7405.30
"35201286",7945.70
"35201287",8702.10
"35201288",8163.60
"35201289",8604.70
"35201290",7983.50
"35201291",7110.40
"35201292",8386.60
"35201293",3194.30
"35201294",3488.10
"35201295",6938.80
"35201297",11589.10
"35201298",32891.20
"35201312",653.20
"35201313",5431.20
"35201314",7048.70
"35201315",9064.90
"35201316",8015.40
"35201317",7949.60
"35201318",7245.80
"35201319",8715.90
"35201320",9100.40
"35201321",8988.20
"35201322",8646.30
"35201323",10137.30
"35201324",8568.20
"35201325",9467.60
"35201326",10891.40
"35201327",26398.30
"35201328",9465.40
"35201329",17960.20
"35201331",11111.10
"35201332",18907.40
"35201333",19030.60
"35201334",52340.40
"35201337",26926.60
"35201338",23981.00
"35201339",14230.80
"35201347",10330.70
"35201348",10589.40
"35201349",9667.30
"35201350",8413.80
"35201351",10183.10
"35201352",9365.10
"35201353",9766.90
"35201354",9796.40
"35201355",10990.60
"35201356",7864.70
"35201357",13550.20
"35201358",8758.10
"35201359",7132.90
"35201360",11600.00
"35201361",9691.70
"35201362",26131.70
"35201363",10398.90
"35201364",7811.00
"35201365",10859.50
"35201368",8309.50
"35201369",6352.00
"35201370",9448.60
"35201371",9899.20
"35201372",5858.60
"35201373",9974.90
"35201374",6623.90
"35201375",6908.30
"35201376",10214.30
"35201377",8400.00
"35201378",7314.80
"35201379",6271.60
"35201380",5639.50
"35201381",745.60
"35201383",2320.40
"35201384",7564.90
"35201387",5083.30
"35201388",7758.40
"35201389",3097.60
"35201390",9067.80
"35201391",1459.40
"35201393",1550.80
"35201394",5274.00
"35201395",8578.90
"35201396",10543.90
"35201397",2974.00
"35201398",9410.50
"35201399",2450.30
"35201400",3099.70
"35201401",15971.30
"35201402",6072.50
"35201403",6320.80
"35201404",7891.70
"35201405",6925.40
"35201406",3441.80
"35201407",5952.60
"35201408",9808.80
"35201409",9477.40
"35201410",8406.70
"35201411",4729.20
"35201412",6351.40
"35201413",11870.30
"35201414",10842.60
"35201415",13663.40
"35201416",18951.60
"35201417",9945.10
"35201418",10897.40
"35201419",15197.60
"35201420",8731.30
"35201421",10538.90
"35201422",7262.50
"35201423",8465.20
"35201426",7680.10
"35201427",12991.90
"35201428",13353.90
"35201429",12194.00
"35201430",8790.30
"35201431",12465.80
"35201432",10285.70
"35201433",13266.90
"35201434",11288.30
"35201435",8084.70
"35201436",7211.40
"35201437",9072.20
"35201438",13054.20
"35201439",2584.40
"35201440",7021.00
"35201441",11538.50
"35201442",9621.90
"35201443",9898.00
"35201444",13848.80
"35201445",8578.10
"35201446",12460.70
"35201447",9896.90
"35201448",12897.40
"35201449",9174.30
"35201450",10224.10
"35201451",11580.60
"35201452",20734.10
"35201453",38698.80
"35201459",20802.10
"35201460",6402.40
"35201461",0.00
"35201463",32947.70
"35201464",22815.20
"35201466",820.50
"35201467",4526.60
"35201468",10893.10
"35201469",5391.30
"35201471",3262.30
"35201477",6506.20
"35201478",8167.90
"35201479",8536.60
"35201480",7627.40
"35201481",9457.50
"35201482",5570.10
"35201483",6242.60
"35201485",3734.70
"35201486",8307.70
"35201487",7453.00
"35201488",6755.90
"35201489",5935.10
"35201490",8613.10
"35201491",9010.10
"35201492",9017.20
"35201493",5712.00
"35201494",6418.90
"35201495",1661.60
"35201496",3193.10
"35201497",3622.40
"35201498",4001.90
"35201499",3223.20
"35201500",3714.10
"35201501",4333.90
"35201502",2785.90
"35201503",4516.10
"35201504",4664.80
"35201505",2267.60
"35201506",3390.60
"35201507",4137.20
"35201508",4407.40
"35201509",4339.20
"35201510",2836.00
"35201511",2914.50
"35201512",2761.00
"35201513",3865.70
"35201514",4228.10
"35201515",3440.30
"35201516",2929.70
"35201517",3029.30
"35201518",4210.10
"35201519",6931.70
"35201520",1746.90
"35201521",3363.60
"35201522",3008.80
"35201523",3507.10
"35201524",4335.30
"35201525",4182.10
"35201526",2485.60
"35201532",2330.10
"35201541",5217.00
"35201542",4792.00
"35201543",6477.30
"35201544",5821.80
"35201545",7211.30
"35201547",5386.60
"35201548",4644.30
"35201552",6961.00
"35201553",9095.30
"35201554",5702.40
"35201555",5954.70
"35201556",4180.90
"35201557",14633.40
"35201558",5916.70
"35201559",7994.60
"35201560",6103.40
"35201563",5567.80
"35201564",5133.80
"35201565",7171.60
"35201566",4009.00
"35201567",4642.90
"35201568",6106.60
"35201569",3850.20
"35201570",5421.10
"35201571",3892.10
"35201572",2871.30
"35201573",13494.80
"35201574",5264.40
"35201575",6627.10
"35201576",1595.50
"35201577",4177.60
"35201578",4513.20
"35201579",10845.10
"35201580",6586.70
"35201581",6762.30
"35201582",1125.50
"35201583",1741.40
"35201584",4881.20
"35201585",5005.30
"35201586",5673.60
"35201587",2660.30
"35201588",6406.70
"35201589",4751.70
"35201590",693.00
"35201591",5299.10
"35201592",3961.40
"35201593",854.70
"35201594",4590.20
"35201595",1134.40
"35201596",4623.40
"35201597",1209.80
"35201598",3245.30
"35201599",4230.50
"35201600",2254.40
"35201601",3407.00
"35201602",3225.30
"35201603",3728.70
"35201604",3859.80
"35201605",4002.10
"35201607",2763.20
"35201608",3799.30
"35201609",3133.90
"35201610",3052.10
"35201611",2679.90
"35201612",3432.20
"35201613",7197.10
"35201614",4416.70
"35201615",3312.10
"35201616",3839.20
"35201617",3188.20
"35201620",7554.30
"35201621",8254.80
"35201622",3562.50
"35201623",11655.10
"35201624",3762.00
"35201625",2638.80
"35201626",3084.90
"35201627",3665.40
"35201629",3695.90
"35201630",4373.10
"35201631",3253.10
"35201632",3791.10
"35201634",3158.80
"35201635",3504.70
"35201636",3530.00
"35201641",7276.60
"35201647",3072.20
"35201648",3204.90
"35201649",3110.40
"35201650",3551.30
"35201652",2178.10
"35201653",2185.90
"35201654",2963.40
"35201656",3197.00
"35201657",2191.70
"35201658",2958.90
"35201659",3528.20
"35201660",3440.30
"35201661",3851.90
"35201662",2141.70
"35201663",990.80
"35201664",1575.30
"35201665",693.60
"35201666",2600.80
"35201667",1784.80
"35201670",2433.50
"35201672",6944.10
"35201673",5286.50
"35201674",3191.30
"35201675",5045.00
"35201676",3273.70
"35201690",3648.20
"35201691",916.20
"35201692",2901.00
"35201693",2663.10
"35201694",2897.40
"35201695",9888.50
"35201696",1826.70
"35201697",2578.50
"35201698",6413.60
"35201699",1949.00
"35201700",2521.40
"35201701",1630.30
"35201702",2900.90
"35201703",2466.60
"35201704",1653.40
"35201705",3200.30
"35201706",2155.60
"35201707",1526.50
"35201708",2568.20
"35201709",3090.90
"35201710",2827.50
"35201711",1449.10
"35201712",2769.50
"35201713",1970.60
"35201714",9077.60
"35201717",4464.40
"35201718",2910.90
"35201719",2371.50
"35201720",2689.80
"35201721",7518.20
"35201722",10672.20
"35201723",8152.40
"35201724",3821.50
"35201725",2860.50
"35201726",3671.90
"35201728",18433.90
"35201730",3296.30
"35201731",1608.60
"35201732",4147.80
"35201734",3220.10
"35201735",9877.60
"35201736",21911.60
"35201737",4371.20
"35201738",2704.90
"35201739",2822.90
"35201740",3290.80
"35201741",2940.50
"35201744",9872.30
"35201748",14429.00
"35201749",2776.30
"35201750",2394.40
"35201751",4223.20
"35201752",3490.20
"35201753",2001.60
"35201754",3778.10
"35201755",2970.10
"35201756",3851.90
"35201757",3440.60
"35201758",747.60
"35201759",3244.00
"35201760",4682.20
"35201761",6350.20
"35201762",293.70
"35201779",5237.50
"35201781",3646.20
"35201782",5593.20
"35201783",5590.80
"35201784",9098.40
"35201785",7327.80
"35201786",3477.20
"35201787",2751.40
"35201788",2117.30
"35201789",9069.10
"35201790",4986.60
"35201791",4053.00
"35201792",3037.30
"35201793",2357.30
"35201802",2880.90
"35201803",2818.40
"35201804",3506.30
"35201805",3638.40
"35201806",2200.90
"35201807",2448.10
"35201816",2236.80
"35201817",1075.10
"35201818",1607.40
"35201819",4145.10
"35201820",3878.60
"35201821",5006.10
"35201822",5812.80
"35201823",2708.60
"35201824",3105.40
"35201825",1984.80
"35201826",4392.40
"35201827",3469.20
"35201828",4826.80
"35201829",3252.40
"35201830",3551.20
"35201831",2983.70
"35201832",4915.30
"35201833",4708.90
"35201834",3205.80
"35201835",6391.70
"35201838",4231.10
"35201839",4613.10
"35201840",503.10
"35201841",5274.00
"35201842",4185.90
"35201843",5236.60
"35201844",3950.60
"35201845",3288.90
"35201846",1652.20
"35201847",4091.40
"35201848",4494.80
"35201849",10557.90
"35201850",4107.00
"35201851",4351.50
"35201852",919.20
"35201853",12156.20
"35201854",5079.10
"35201855",4527.80
"35201856",5806.60
"35201857",13547.20
"35201858",4990.30
"35201859",3393.90
"35201860",2140.80
"35201861",3759.90
"35201862",3486.00
"35201863",2574.20
"35201864",8360.20
"35201868",1831.30
"35201869",5798.90
"35201872",5198.30
"35201874",9758.10
"35201875",11729.40
"35201876",15624.40
"35201877",3491.20
"35201879",5212.60
"35201880",1740.50
"35201881",5362.10
"35201882",2947.30
"35201883",9317.60
"35201884",6923.10
"35201885",6179.60
"35201886",4443.60
"35201887",8292.20
"35201888",3258.90
"35201889",1877.90
"35201890",181.90
"35201892",18221.80
"35201893",5037.70
"35201894",8025.20
"35201895",1740.40
"35201896",5709.90
"35201900",292.80
"35201901",6801.30
"35201902",11971.80
"35201903",4502.20
"35201904",5702.20
"35201905",4508.20
"35201906",3060.50
"35201907",3711.30
"35201908",4133.20
"35201909",1283.90
"35201912",8827.80
"35201913",951.50
"35201914",3959.00
"35201915",3239.30
"35201916",2580.00
"35201917",2842.40
"35201919",1090.30
"35201920",2211.80
"35201935",3316.70
"35201936",3537.10
"35201937",3904.50
"35201938",3980.10
"35201939",552.20
"35201940",2629.50
"35201950",3245.00
"35201951",3083.90
"35201952",1843.50
"35201953",3793.30
"35201955",2567.40
"35201958",972.60
"35201959",5945.00
"35201960",17615.80
"35201961",2911.90
"35201962",3947.20
"35201963",3335.80
"35201964",2885.40
"35201965",2626.20
"35201966",2918.40
"35201967",1321.80
"35201968",2871.90
"35201969",4238.40
"35201970",6173.70
"35201971",7631.10
"35201972",9252.70
"35201973",6212.00
"35201976",6991.50
"35201977",11574.30
"35201979",3965.60
"35201983",6022.70
"35201984",8970.00
"35201985",6682.90
"35201986",4593.60
"35201987",2029.70
"35201988",7849.70
"35201989",3708.00
"35201992",9690.70
"35201993",10633.40
"35201996",6729.70
"35201997",6968.40
"35201998",6894.70
"35201999",6440.00
"35202000",6117.90
"35202001",13840.20
"35202002",6802.60
"35202003",26849.60
"35202004",2859.60
"35202005",5251.70
"35202006",3918.80
"35202007",4763.10
"35202013",834.60
"35202016",4634.10
"35202017",27748.60
"35202018",11107.50
"35202019",38120.30
"35202020",5914.50
"35202021",15620.90
"35202022",7420.50
"35202023",4258.70
"35202024",2433.70
"35202025",4331.30
"35202026",7744.00
"35202027",4130.00
"35202028",1991.10
"35202029",3244.00
"35202030",10098.50
"35202031",10916.10
"35202035",10543.30
"35202036",16692.00
"35202037",2902.40
"35202040",11107.20
"35202042",33005.80
"35202045",11671.20
"35202046",5263.20
"35202047",3582.40
"35202048",2598.30
"35202049",3602.90
"35202050",9288.10
"35202051",37761.90
"35202055",23418.60
"35202056",3814.90
"35202057",2268.70
"35202058",1338.60
"35202059",2758.90
"35202065",27669.80
"35202066",3545.10
"35202067",7987.60
"35202071",8884.40
"35202072",2810.80
"35202075",4315.50
"35202078",6863.30
"35202079",6600.90
"35202080",5968.90
"35202084",4097.90
"35202085",15638.70
"35202086",28459.90
"35202087",5986.70
"35202088",7963.80
"35202089",9584.10
"35202090",1485.40
"35202091",3944.20
"35202094",4119.40
"35202096",50459.20
"35202097",1110.60
"35202098",227.50
"35202100",4199.80
"35202101",3896.80
"35202102",4342.60
"35202103",7741.90
"35202104",5639.10
"35202105",3812.30
"35202106",3754.10
"35202107",3234.70
"35202108",6826.00
"35202109",5215.80
"35202110",4590.80
"35202111",3953.00
"35202112",3393.70
"35202113",2514.00
"35202114",3430.80
"35202115",3201.50
"35202116",3884.60
"35202117",4101.60
"35202118",8024.10
"35202119",20803.60
"35202120",8439.90
"35202121",5519.90
"35202122",2226.30
"35202123",4382.90
"35202124",4103.70
"35202125",7287.50
"35202126",4826.60
"35202127",5372.50
"35202128",4013.00
"35202129",7202.10
"35202130",5986.20
"35202131",12672.70
"35202132",13526.10
"35202133",5639.50
"35202134",4134.00
"35202135",6786.60
"35202136",5403.30
"35202137",4925.80
"35202138",3167.30
"35202139",3339.50
"35202140",2296.20
"35202141",743.40
"35202145",14244.20
"35202147",19836.50
"35202149",4867.60
"35202150",5109.90
"35202151",4775.40
"35202152",2827.70
"35202153",4676.50
"35202154",6678.00
"35202155",5443.30
"35202156",3035.30
"35202157",710.50
"35202158",2874.50
"35202159",13.80
"35202160",3180.30
"35202161",3534.60
"35202162",3731.20
"35202163",4907.70
"35202164",4775.40
"35202165",3206.80
"35202166",2788.70
"35202167",1436.10
"35202168",5343.10
"35202169",7099.60
"35202170",4066.10
"35202171",5562.90
"35202172",5547.40
"35202173",2554.80
"35202174",3859.20
"35202175",3512.50
"35202176",3454.40
"35202177",3362.10
"35202178",4679.80
"35202179",17554.90
"35202180",14986.00
"35202181",6141.50
"35202183",2419.10
"35202184",7014.30
"35202185",4910.50
"35202186",3137.70
"35202187",1160.60
"35202188",3472.10
"35202189",5685.50
"35202210",2018.30
"35202211",5361.80
"35202212",2340.70
"35202213",7061.80
"35202214",2154.20
"35202215",7943.90
"35202216",7255.20
"35202217",5438.80
"35202218",1467.90
"35202222",10757.00
"35202223",8116.50
"35202224",8551.50
"35202225",10518.10
"35202226",8027.70
"35202227",8697.90
"35202228",5607.10
"35202229",8392.50
"35202230",5615.10
"35202231",10765.00
"35202232",8184.50
"35202233",9192.30
"35202234",6281.40
"35202235",15746.00
"35202236",11350.70
"35202237",8850.70
"35202238",11534.90
"35202239",7235.30
"35202240",9048.40
"35202241",42572.80
"35202242",10601.50
"35202243",9131.10
"35202244",9032.30
"35202245",11169.90
"35202246",8181.80
"35202247",10065.20
"35202248",6545.20
"35202249",9906.30
"35202251",11119.00
"35202252",12369.30
"35202254",2263.80
"35202255",6786.70
"35202256",6572.90
"35202257",8228.60
"35202258",7120.10
"35202261",5670.70
"35202262",12897.00
"35202263",22150.20
"35202264",42085.90
"35202265",25654.60
"35202266",18599.40
"35202267",10202.30
"35202268",8026.10
"35202269",3306.70
"35202270",7584.20
"35202271",3204.60
"35202272",5595.30
"35202273",9250.30
"35202274",17521.90
"35202275",13048.20
"35202276",3498.20
"35202277",11143.50
"35202278",5045.40
"35202279",8432.10
"35202280",14961.80
"35202281",6611.30
"35202282",3960.70
"35202283",3085.20
"35202284",3063.40
"35202285",7635.80
"35202286",2729.70
"35202287",4663.00
"35202288",3854.50
"35202289",4654.40
"35202290",58057.90
"35202293",2776.50
"35202294",3813.40
"35202295",360.20
"35202296",732.00
"35202297",3246.50
"35202298",3462.90
"35202299",3327.10
"35202300",3009.90
"35202301",3692.40
"35202302",3862.60
"35202303",6130.30
"35202304",3290.10
"35202305",6482.00
"35202306",5299.10
"35202307",7400.30
"35202309",4945.00
"35202310",3935.00
"35202311",13814.70
"35202316",38266.10
"35202321",5027.40
"35202322",7613.50
"35202323",3953.10
"35202324",3304.60
"35202325",3913.80
"35202326",5494.30
"35202327",4198.80
"35202328",4083.50
"35202336",7062.00
"35202337",6372.30
"35202338",5543.00
"35202339",14105.60
"35202340",4417.30
"35202341",5380.00
"35202342",4356.60
"35202343",6429.50
"35202344",7785.70
"35202345",9884.80
"35202346",15128.20
"35202347",9700.50
"35202348",2825.40
"35202349",2529.30
"35202350",2440.90
"35202351",3669.90
"35202352",3085.80
"35202353",4576.40
"35202354",7918.20
"35202355",6618.30
"35202356",8062.50
"35202357",2342.90
"35202358",5747.00
"35202359",5156.40
"35202360",5593.90
"35202361",5875.80
"35202362",9522.30
"35202363",4182.40
"35202364",3563.70
"35202365",5000.00
"35202366",6040.80
"35202367",7227.80
"35202368",7014.70
"35202369",5954.90
"35202370",7636.40
"35202371",7802.90
"35202372",6347.20
"35202373",7940.10
"35202374",7552.20
"35202375",8203.50
"35202376",8599.00
"35202377",7107.30
"35202378",5573.20
"35202379",3249.80
"35202380",4603.50
"35202381",3333.30
"35202382",3789.80
"35202383",3602.80
"35202384",3882.50
"35202385",5414.30
"35202386",5626.70
"35202387",5413.10
"35202388",5417.40
"35202389",4833.10
"35202390",5687.70
"35202391",7370.50
"35202392",4092.70
"35202393",4930.20
"35202394",5220.50
"35202395",4342.30
"35202396",3528.90
"35202398",1277.20
"35202399",802.40
"35202400",4009.10
"35202401",5314.10
"35202402",6116.60
"35202403",1342.00
"35202404",10527.20
"35202405",7019.60
"35202406",6596.70
"35202407",7947.80
"35202408",2795.20
"35202409",19449.50
"35202413",528.60
"35202414",2983.80
"35202415",4258.00
"35202416",3282.00
"35202417",3234.80
"35202418",3010.40
"35202419",931.60
"35202430",12123.80
"35202431",51105.10
"35202433",5909.20
"35202436",3266.30
"35202439",3836.80
"35202440",3250.50
"35202441",3873.40
"35202442",1490.20
"35202443",8071.10
"35202446",1759.70
"35202447",4589.70
"35202448",3941.50
"35202449",1109.40
"35202450",2395.90
"35202451",1672.90
"35202452",3853.60
"35202453",3250.80
"35202454",2521.90
"35202455",2354.40
"35202456",3405.10
"35202457",3175.40
"35202458",2638.40
"35202459",2819.10
"35202460",3994.00
"35202461",8020.60
"35202462",3788.70
"35202466",1146.60
"35202467",6761.60
"35202468",644.10
"35202469",8403.10
"35202472",10013.40
"35202475",11900.80
"35202476",4184.40
"35202477",7028.40
"35202478",2311.50
"35202479",6529.90
"35202480",8117.40
"35202481",1962.90
"35202482",1978.30
"35202483",3327.70
"35202484",7409.50
"35202485",6898.10
"35202486",3458.80
"35202487",3766.40
"35202491",1302.50
"35202492",2818.60
"35202493",3511.60
"35202494",2136.70
"35202495",2573.60
"35202496",2341.80
"35202497",3545.80
"35202498",4639.20
"35202499",4029.80
"35202500",2741.10
"35202501",7013.50
"35202502",2428.70
"35202503",4504.50
"35202504",2501.00
"35202507",3098.70
"35202508",2988.40
"35202509",2486.80
"35202510",6469.80
"35202511",2542.70
"35202512",3467.70
"35202513",2881.10
"35202514",3467.00
"35202515",2488.70
"35202516",6897.00
"35202517",7057.20
"35202522",10180.40
"35202523",5125.40
"35202529",22013.10
"35202534",7998.40
"35202535",2963.60
"35202547",3295.30
"35202548",2506.50
"35202549",2366.00
"35202550",10595.20
"35202551",2726.20
"35202553",17123.30
"35202554",6963.40
"35202555",17941.80
"35202560",1873.90
"35202564",1549.10
"35202565",3738.30
"35202566",3015.90
"35202567",3813.00
"35202568",4270.50
"35202569",5943.80
"35202570",1646.10
"35202571",1745.50
"35202572",4474.40
"35202573",2445.70
"35202574",3084.10
"35202575",3074.00
"35202576",3239.70
"35202577",3386.00
"35202583",3656.90
"35202584",2234.30
"35202585",2843.10
"35202586",3125.40
"35202587",3408.80
"35202588",2690.40
"35202589",4380.30
"35202590",2948.40
"35202591",3698.00
"35202592",822.40
"35202593",9531.60
"35202594",5444.60
"35202597",4181.20
"35202598",3975.80
"35202599",2856.40
"35202600",2924.50
"35202605",5793.90
"35202606",4188.40
"35202608",1503.50
"35202611",1918.90
"35202612",2150.70
"35202613",1636.50
"35202614",3003.10
"35202615",2564.70
"35202616",2770.80
"35202617",2467.90
"35202618",11304.30
"35202619",2454.20
"35202620",4535.80
"35202621",2530.20
"35202622",2190.50
"35202623",2814.70
"35202627",5281.50
"35202628",8433.20
"35202629",630.70
"35202630",408.70
"35202636",4586.50
"35202637",5047.80
"35202638",5902.90
"35202639",5840.60
"35202640",8660.30
"35202641",7074.10
"35202642",6802.20
"35202643",5588.90
"35202644",4217.90
"35202645",5221.60
"35202646",3613.40
"35202647",8175.40
"35202648",9744.90
"35202649",9187.40
"35202650",8972.90
"35202653",4066.80
"35202654",50371.70
"35202655",29350.60
"35202656",38465.60
"35202657",26984.90
"35202666",26757.50
"35202669",34916.90
"35202670",26700.00
"35202671",59817.70
"35202672",5721.80
"35202673",40268.50
"35202674",21959.10
"35202675",5933.80
"35202676",6358.60
"35202677",6670.90
"35202678",7138.20
"35202679",8154.30
"35202680",6198.30
"35202681",5308.00
"35202682",8286.70
"35202683",4779.50
"35202684",5710.00
"35202685",5244.40
"35202686",4236.70
"35202687",8714.30
"35202688",6247.50
"35202689",6453.40
"35202690",4712.30
"35202691",5323.40
"35202694",3364.10
"35202695",2191.20
"35202699",217.80
"35202700",4210.90
"35202701",3359.90
"35202702",1376.20
"35202703",3703.70
"35202704",1920.20
"35202705",13775.80
"35202706",13440.60
"35202707",4667.50
"35202712",6494.20
"35202722",925.90
"35202727",16966.30
"35202733",23736.30
"35202735",13408.90
"35202736",11403.30
"35202739",1119.60
"35202741",4815.60
"35202742",2945.70
"35202743",31802.70
"35202744",11752.80
"35202745",3158.80
"35202746",4799.20
"35202747",2502.80
"35202748",5989.40
"35202749",3856.10
"35202750",7637.70
"35202751",2375.60
"35202752",3360.70
"35202753",2232.40
"35202756",1131.00
"35202757",788.90
"35202758",1740.00
"35202760",2181.90
"35202761",2457.90
"35202762",2949.00
"35202763",3775.40
"35202764",2627.30
"35202765",1869.90
"35202767",1108.00
"35202768",3522.70
"35202769",7489.30
"35202770",664.30
"35202771",3585.60
"35202772",5131.50
"35202773",5699.20
"35202774",5676.50
"35202775",5261.00
"35202776",2119.00
"35202777",2908.00
"35202778",3686.40
"35202779",6237.50
"35202787",4142.30
"35202788",7600.60
"35202789",5583.00
"35202790",15736.30
"35202791",18654.40
"35202792",10803.30
"35202797",8190.70
"35202798",8259.40
"35202799",13569.10
"35202800",13806.60
"35202801",13315.40
"35202802",3929.40
"35202803",5513.50
"35202804",6921.40
"35202805",3255.50
"35202806",5910.00
"35202807",4824.30
"35202808",6863.50
"35202809",1700.10
"35202810",4415.70
"35202811",6688.20
"35202812",6344.20
"35202813",6723.10
"35202814",3145.60
"35202817",35254.90
"35202818",12781.10
"35202819",11705.10
"35202820",11029.90
"35202821",35303.00
"35202823",9354.50
"35202840",3488.60
"35202842",10424.20
"35202843",9398.30
"35202845",4993.10
"35202846",10701.10
"35202847",21116.20
"35202848",24089.30
"35202849",29151.70
"35202850",23879.30
"35202878",3862.20
"35202879",3864.70
"35202880",6973.90
"35202881",3864.00
"35202882",4446.10
"35202883",5180.90
"35202884",3661.70
"35202886",3517.60
"35202887",5944.90
"35202888",4823.90
"35202889",6111.10
"35202890",7130.10
"35202891",4359.70
"35202892",4512.90
"35202893",8820.10
"35202894",12961.60
"35202895",3766.10
"35202896",3272.00
"35202897",2579.80
"35202898",2514.20
"35202899",3405.80
"35202900",7655.80
"35202901",5010.50
"35202902",7353.80
"35202903",9845.70
"35202904",7013.20
"35202905",4991.30
"35202906",6758.00
"35202907",8362.10
"35202910",5576.40
"35202911",6712.30
"35202912",6653.10
"35202918",5749.00
"35202919",7490.10
"35202920",6347.90
"35202928",4218.00
"35202930",7269.20
"35202931",11415.30
"35202932",5000.00
"35202933",1287.30
"35202935",7719.50
"35202936",7864.20
"35202937",8009.80
"35202938",6028.90
"35202939",7885.30
"35202940",3783.10
"35202941",5961.30
"35202942",6160.80
"35202943",9106.10
"35202944",6263.70
"35202945",5126.00
"35202946",3162.50
"35202947",6260.20
"35202948",5866.30
"35202949",6039.90
"35202950",5670.60
"35202951",5751.70
"35202952",5113.20
"35202953",4117.60
"35202954",4514.10
"35202955",7589.70
"35202965",2051.20
"35202966",3938.20
"35202967",3485.30
"35202968",2062.90
"35202969",4668.30
"35202970",5136.30
"35202971",2752.50
"35202972",2692.30
"35202973",2057.40
"35202974",1522.30
"35202975",2388.00
"35202976",3513.50
"35202977",3016.60
"35202982",2009.40
"35202983",6898.80
"35202984",9332.80
"35202985",3077.30
"35202986",5028.00
"35202987",1960.30
"35202988",3437.50
"35202989",3039.40
"35202990",32787.50
"35202991",14739.20
"35202992",1285.10
"35202993",701.00
"35202994",3213.60
"35202995",2702.70
"35202996",2953.40
"35202997",2973.60
"35202998",2228.80
"35202999",3611.90
"35203000",2452.60
"35203001",3358.70
"35203002",4300.20
"35203003",2853.60
"35203004",1373.40
"35203005",2122.10
"35203006",2147.10
"35203007",1962.70
"35203008",2854.00
"35203009",2529.70
"35203015",8057.70
"35203016",4666.70
"35203018",6260.60
"35203026",21304.30
"35203027",5029.10
"35203028",7693.60
"35203029",8668.80
"35203030",7802.00
"35203031",4415.90
"35203032",5000.00
"35203033",6246.00
"35203034",6385.80
"35203035",5047.80
"35203036",5934.60
"35203037",7055.70
"35203038",2424.90
"35203039",8240.40
"35203040",8527.30
"35203041",9765.40
"35203042",315.90
"35203043",4766.20
"35203044",6230.90
"35203045",6560.30
"35203046",5432.40
"35203047",175.40
"35203048",5119.30
"35203049",5821.90
"35203050",9287.50
"35203051",6865.00
"35203052",5673.10
"35203053",9267.10
"35203054",6127.20
"35203055",9505.50
"35203056",3231.70
"35203057",14301.20
"35203058",5613.70
"35203059",4696.70
"35203060",5668.00
"35203061",3062.50
"35203064",3427.60
"35203071",5841.40
"35203072",2779.70
"35203073",4213.00
"35203074",1216.50
"35203075",6215.00
"35203077",5657.90
"35203079",4217.30
"35203080",7338.30
"35203081",6003.50
"35203082",6994.20
"35203086",4642.10
"35203087",4399.00
"35203093",944.50
"35203094",3358.10
"35203095",4042.40
"35203096",4533.60
"35203097",5086.90
"35203098",2635.10
"35203102",3611.40
"35203105",3650.90
"35203107",1243.30
"35203108",3753.60
"35203109",4575.60
"35203110",5236.40
"35203111",2447.70
"35203112",3597.20
"35203113",3612.20
"35203126",4002.60
"35203127",1546.50
"35203128",4453.90
"35203129",7490.50
"35203130",8361.30
"35203131",13131.50
"35203132",11442.30
"35203133",13827.20
"35203134",6469.60
"35203135",3507.80
"35203136",3354.80
"35203137",2592.50
"35203138",966.70
"35203139",4099.00
"35203140",4387.40
"35203141",2323.90
"35203142",2836.80
"35203143",3159.70
"35203144",15498.60
"35203146",1678.40
"35203147",4818.80
"35203148",4735.30
"35203149",11481.50
"35203150",5810.30
"35203151",6292.90
"35203152",3213.30
"35203153",6208.70
"35203154",7731.50
"35203156",28333.30
"35203157",20679.90
"35203160",18761.40
"35203161",5499.50
"35203162",16227.00
"35203163",9279.30
"35203167",11566.30
"35203170",13674.50
"35203174",195.40
"35203175",3086.20
"35203176",8726.20
"35203177",5954.70
"35203183",2526.10
"35203184",9687.50
"35203185",0.00
"35203190",6690.80
"35203191",10937.50
"35203192",10392.20
"35203193",6544.60
"35203194",9661.30
"35203195",17412.40
"35203196",11732.30
"35203197",9154.10
"35203198",12398.50
"35203199",20226.80
"35203200",9436.30
"35203201",10668.10
"35203202",8595.70
"35203203",13007.80
"35203204",9561.60
"35203208",9925.60
"35203209",10848.10
"35203210",11224.50
"35203211",11170.60
"35203212",5724.00
"35203213",7341.30
"35203214",4764.20
"35203216",6705.90
"35203217",8972.70
"35203218",11307.60
"35203219",9168.60
"35203220",9453.70
"35203221",8679.20
"35203222",8968.30
"35203223",11871.70
"35203224",4248.80
"35203225",10961.10
"35203226",9331.00
"35203227",11241.50
"35203228",9864.60
"35203229",5463.50
"35203230",1901.30
"35203231",9612.90
"35203232",12893.80
"35203233",8991.60
"35203234",10476.20
"35203235",6790.00
"35203236",7763.00
"35203237",7113.20
"35203238",5322.90
"35203239",6412.70
"35203240",6281.40
"35203241",7660.50
"35203242",6266.50
"35203243",4751.30
"35203244",775.30
"35203245",5298.20
"35203246",4409.30
"35203247",4888.70
"35203248",5504.50
"35203249",4846.00
"35203250",6186.40
"35203251",6563.30
"35203252",2529.20
"35203253",3372.30
"35203254",6151.60
"35203255",4614.70
"35203256",5945.40
"35203257",1378.00
"35203258",3194.90
"35203259",2426.10
"35203260",6318.80
"35203261",3476.90
"35203263",5422.90
"35203264",6781.10
"35203265",4263.50
"35203266",3930.80
"35203267",4980.20
"35203268",3280.90
"35203269",5307.40
"35203270",1219.90
"35203271",4789.40
"35203273",2788.70
"35203274",14368.00
"35203275",9899.00
"35203276",3388.20
"35203277",3503.90
"35203278",3884.50
"35203279",2435.20
"35203280",3529.90
"35203281",2579.90
"35203282",2687.50
"35203283",4863.90
"35203284",832.30
"35203285",2681.90
"35203286",4042.40
"35203287",2659.60
"35203288",3170.30
"35203289",4483.90
"35203290",14300.00
"35203291",25549.70
"35203292",5834.70
"35203293",5068.90
"35203294",4498.50
"35203296",1673.20
"35203297",3474.70
"35203298",5706.40
"35203299",4008.50
"35203300",4072.70
"35203301",4819.50
"35203314",2284.60
"35203315",3524.70
"35203316",3849.60
"35203317",2549.50
"35203318",2831.40
"35203321",2578.70
"35203322",2211.00
"35203323",1963.40
"35203324",2030.80
"35203330",482272.70
"35203331",11401.90
"35203332",4299.70
"35203333",2898.00
"35203334",4289.80
"35203337",3623.20
"35203338",5125.60
"35203339",4469.70
"35203340",2517.80
"35203342",9222.10
"35203344",3670.40
"35203345",6350.10
"35203346",3883.40
"35203347",6920.30
"35203348",17874.50
"35203350",11384.80
"35203351",5266.40
"35203352",4489.40
"35203353",3638.50
"35203354",5220.30
"35203355",5332.60
"35203356",5206.40
"35203357",5162.70
"35203358",5211.60
"35203359",4827.20
"35203360",4850.70
"35203361",2114.60
"35203362",2548.70
"35203363",3191.10
"35203370",4968.00
"35203371",18782.60
"35203372",13479.90
"35203373",4726.00
"35203374",3498.00
"35203375",4167.80
"35203376",1299.80
"35203377",4233.40
"35203378",2810.90
"35203379",3785.90
"35203380",4660.20
"35203381",4768.80
"35203382",2212.30
"35203383",3247.10
"35203384",4177.70
"35203385",2970.00
"35203386",3286.50
"35203387",4701.30
"35203388",3824.40
"35203389",4283.00
"35203391",3588.90
"35203392",255.70
"35203393",2412.40
"35203394",1387.00
"35203395",4608.60
"35203396",7864.60
"35203399",3654.40
"35203400",3622.90
"35203401",4307.70
"35203402",11682.00
"35203403",1530.80
"35203404",7706.00
"35203405",16988.70
"35203406",5890.80
"35203407",10893.90
"35203408",4998.70
"35203409",3082.40
"35203410",4917.10
"35203411",3659.20
"35203412",4653.50
"35203413",4316.50
"35203414",4322.80
"35203415",4524.30
"35203416",4592.70
"35203417",5077.10
"35203418",5270.30
"35203419",7287.50
"35203420",3964.10
"35203421",2346.20
"35203422",2771.10
"35203423",5160.70
"35203427",3350.60
"35203435",12805.30
"35203439",4411.30
"35203440",5004.20
"35203441",4270.60
"35203442",4592.70
"35203443",5068.80
"35203444",4520.90
"35203445",7487.40
"35203446",8042.60
"35203447",4650.00
"35203448",25356.20
"35203449",8779.60
"35203450",9889.60
"35203451",2164.30
"35203452",5933.20
"35203458",5255.80
"35203461",4811.90
"35203462",4765.70
"35203463",3410.90
"35203465",3320.00
"35203466",8598.90
"35203467",4485.10
"35203468",5949.20
"35203469",6211.70
"35203470",18232.80
"35203471",26576.60
"35203472",5294.10
"35203479",7951.60
"35203480",7671.90
"35203482",1681.90
"35203483",3491.40
"35203484",765.30
"35203485",7000.00
"35203486",9195.00
"35203489",4040.00
"35203490",5354.30
"35203491",3886.00
"35203492",1582.40
"35203493",4411.30
"35203494",3878.90
"35203495",6010.20
"35203496",3608.20
"35203498",4574.20
"35203501",6914.70
"35203502",2874.90
"35203503",4503.40
"35203504",2294.30
"35203505",6154.80
"35203506",5983.90
"35203507",3631.40
"35203508",4472.60
"35203509",4633.20
"35203510",10024.20
"35203511",6045.20
"35203512",4396.20
"35203513",8719.50
"35203519",4029.50
"35203520",8142.50
"35203521",4024.40
"35203522",5850.10
"35203523",5202.20
"35203524",3624.90
"35203525",4464.00
"35203526",2750.90
"35203527",854.00
"35203528",3232.60
"35203529",7612.40
"35203530",6666.70
"35203531",6030.30
"35203532",583.80
"35203533",3258.70
"35203534",3198.20
"35203535",4739.30
"35203536",4128.80
"35203537",4118.10
"35203538",5651.20
"35203539",3354.00
"35203540",6324.10
"35203541",3115.50
"35203542",4350.10
"35203543",4434.10
"35203544",3623.70
"35203545",4738.20
"35203546",5201.40
"35203547",7419.40
"35203548",6631.90
"35203552",4057.20
"35203554",3403.30
"35203561",28793.60
"35203566",499.70
"35203567",5469.40
"35203568",1598.70
"35203569",3862.10
"35203570",3732.90
"35203571",3725.30
"35203572",3980.40
"35203573",2986.10
"35203574",2190.30
"35203575",4391.10
"35203576",5071.00
"35203577",2474.60
"35203578",4452.20
"35203579",4582.10
"35203580",19896.50
"35203581",2418.00
"35203584",19510.10
"35203585",6326.50
"35203586",2636.40
"35203587",1741.60
"35203588",4505.90
"35203589",4917.60
"35203590",5820.30
"35203591",16382.60
"35203592",2421.30
"35203593",1760.20
"35203594",2624.60
"35203595",4689.00
"35203596",4458.30
"35203597",3711.00
"35203599",4319.00
"35203600",1269.80
"35203604",4040.70
"35203605",5154.10
"35203606",5274.70
"35203607",2661.70
"35203608",3028.10
"35203610",2053.30
"35203611",3653.70
"35203612",2460.40
"35203613",2438.20
"35203614",5060.90
"35203615",874.70
"35203616",5662.70
"35203617",21025.60
"35203618",14506.00
"35203619",4775.70
"35203620",992.90
"35203621",9637.90
"35203622",8665.10
"35203623",725.90
"35203626",3028.60
"35203627",2302.50
"35203628",4709.90
"35203629",4258.90
"35203630",420.30
"35203631",4141.00
"35203632",1173.10
"35203633",2756.10
"35203634",2595.60
"35203635",5971.50
"35203636",3557.40
"35203637",6485.60
"35203640",2349.00
"35203641",3336.80
"35203649",0.00
"35203650",761.30
"35203651",3865.50
"35203652",4682.60
"35203653",5804.50
"35203654",5425.70
"35203655",4340.00
"35203656",838.50
"35203657",4262.10
"35203658",2935.20
"35203659",9559.40
"35203660",3014.90
"35203661",2751.10
"35203664",10296.10
"35203666",6416.80
"35203668",3270.40
"35203669",3264.20
"35203670",3553.40
"35203672",4177.90
"35203673",4532.60
"35203675",3775.10
"35203676",222.00
"35203677",1000.20
"35203678",3132.50
"35203679",2178.90
"35203680",2069.30
"35203681",3349.40
"35203682",2477.80
"35203683",2534.70
"35203684",2546.50
"35203685",1907.20
"35203686",1126.60
"35203687",1766.80
"35203688",2582.30
"35203689",2941.20
"35203690",5807.20
"35203691",3531.60
"35203692",3787.70
"35203693",7092.50
"35203694",7029.60
"35203695",2821.00
"35203696",8064.00
"35203697",6974.50
"35203698",4350.30
"35203699",553.10
"35203700",695.40
"35203701",2175.30
"35203703",5971.30
"35203704",6213.30
"35203705",8008.80
"35203708",5985.30
"35203709",10099.00
"35203710",7070.20
"35203711",7825.20
"35203712",4197.30
"35203713",592.20
"35203714",5511.30
"35203715",4154.30
"35203716",12617.40
"35203717",0.00
"35203718",2117.90
"35203719",2447.30
"35203720",2884.40
"35203721",3127.40
"35203722",2688.60
"35203723",3649.40
"35203724",3505.20
"35203725",2458.30
"35203726",3094.50
"35203729",2474.90
"35203730",6503.50
"35203731",4619.40
"35203732",2776.10
"35203733",4902.00
"35203734",5936.60
"35203735",3308.10
"35203736",487.50
"35203737",2362.00
"35203738",3377.40
"35203739",335.80
"35203740",1895.40
"35203743",6500.60
"35203744",3552.90
"35203745",2802.10
"35203746",2246.20
"35203747",2855.50
"35203748",2706.90
"35203751",1938.10
"35203752",3048.00
"35203753",1837.90
"35203754",1769.60
"35203755",2571.40
"35203756",4214.60
"35203757",2660.30
"35203758",4587.90
"35203759",1987.50
"35203760",2552.50
"35203761",2608.40
"35203762",3762.20
"35203766",6167.90
"35203786",685.70
"35203787",2523.10
"35203788",570.80
"35203789",3341.10
"35203790",3195.70
"35203791",3056.80
"35203792",3574.60
"35203793",9746.20
"35203794",3890.30
"35203796",4023.40
"35203798",6656.50
"35203799",9026.90
"35203800",6397.10
"35203801",4499.50
"35203802",5359.10
"35203803",7650.50
"35203807",12050.00
"35203808",10024.20
"35203809",9904.30
"35203810",9234.70
"35203811",6448.70
"35203812",14218.20
"35203813",8323.70
"35203815",7087.10
"35203816",8097.80
"35203817",6601.80
"35203818",11088.30
"35203819",9625.30
"35203820",9571.20
"35203828",10315.30
"35203829",12313.60
"35203830",7994.50
"35203833",9195.60
"35203834",12408.00
"35203835",9487.20
"35203836",7948.70
"35203837",7577.50
"35203838",7324.20
"35203841",5423.60
"35203842",14005.00
"35203843",12389.60
"35203844",14086.80
"35203845",13140.20
"35203846",3963.10
"35203847",29921.30
"35203848",1598.50
"35203849",4798.70
"35203850",1817.20
"35203851",8479.50
"35203852",5254.80
"35203853",6741.30
"35203857",46477.50
"35203858",4663.80
"35203859",20289.00
"35203860",9772.20
"35203861",24202.90
"35203864",20125.00
"35203865",7847.50
"35203866",19217.40
"35203867",4749.00
"35203868",5679.00
"35203869",2861.10
"35203870",6615.20
"35203871",6562.10
"35203872",6427.40
"35203873",3413.00
"35203876",12363.10
"35203877",10670.90
"35203878",3775.20
"35203880",6948.20
"35203881",10177.40
"35203882",6220.10
"35203883",6551.20
"35203884",5894.60
"35203885",11742.90
"35203886",6725.10
"35203887",5674.00
"35203888",5895.60
"35203889",6521.70
"35203890",9369.00
"35203891",6638.10
"35203892",9195.40
"35203893",11715.60
"35203895",5036.00
"35203897",6037.70
"35203898",7684.70
"35203899",20949.70
"35203908",8783.10
"35203909",3418.30
"35203910",3359.10
"35203911",8987.80
"35203912",54666.70
"35203913",5886.30
"35203914",14493.80
"35203915",10098.60
"35203916",4485.00
"35203917",3867.80
"35203919",8871.00
"35203921",4219.70
"35203922",4317.30
"35203925",7793.70
"35203926",9454.50
"35203927",4832.20
"35203928",7059.80
"35203929",3572.20
"35203930",5198.10
"35203931",7054.10
"35203932",6240.10
"35203933",6254.20
"35203936",8225.40
"35203937",2192.10
"35203938",8639.60
"35203939",8551.10
"35203940",6943.60
"35203943",4823.50
"35203945",12863.80
"35203946",15565.40
"35203947",21966.10
"35203948",22217.70
"35203951",15917.40
"35203953",8255.60
"35203954",8815.30
"35203955",1799.60
"35203958",4481.70
"35203959",17996.30
"35203960",4419.50
"35203961",9650.00
"35203962",11426.20
"35203965",17162.70
"35203971",23614.30
"35203973",1204.30
"35203974",19260.60
"35203975",12994.10
"35203976",14401.80
"35203977",23228.10
"35203978",12742.90
"35203979",6211.80
"35203980",11848.10
"35203981",7939.90
"35203984",11842.50
"35203986",30240.00
"35203987",17678.20
"35203989",3062.20
"35203990",7394.10
"35203991",11830.80
"35203992",8577.20
"35203993",6155.90
"35203994",18899.90
"35203995",10536.00
"35203997",11670.60
"35203998",1248.00
"35204001",16104.50
"35204003",7372.50
"35204004",37740.80
"35204005",7115.40
"35204006",3416.80
"35204007",18271.60
"35204009",21657.60
"35204010",1652.50
"35204011",20716.30
"35204012",3497.40
"35204013",44810.90
"35204014",15172.90
"35204015",18595.40
"35204018",23009.50
"35204019",32014.90
"35204020",42791.20
"35204021",29166.70
"35204022",11998.90
"35204024",42051.30
"35204026",14444.40
"35204027",22991.30
"35204028",10376.90
"35204029",3776.80
"35204030",7880.90
"35204032",3373.50
"35204033",12806.80
"35204034",6619.20
"35204035",6931.70
"35204036",835.20
"35204038",9631.60
"35204039",9003.90
"35204040",5600.80
"35204041",8317.30
"35204042",9105.70
"35204043",26639.10
"35204045",26350.90
"35204047",771.60
"35204049",9694.20
"35204052",25161.60
"35204053",8686.10
"35204054",12948.90
"35204055",13625.30
"35204056",17869.00
"35204057",57757.00
"35204058",6324.70
"35204059",26427.30
"35204060",2154.50
"35204061",14062.20
"35204062",2280.50
"35204063",22302.00
"35204064",8455.70
"35204065",12593.50
"35204066",12194.70
"35204067",1138.50
"35204068",27631.00
"35204069",15191.60
"35204070",4632.00
"35204072",11722.60
"35204073",27520.70
"35204074",24922.90
"35204075",3211.80
"35204076",27267.60
"35204077",36891.60
"35204079",15299.90
"35204080",16455.00
"35204081",30384.60
"35204082",31459.10
"35204083",37307.70
"35204084",4250.60
"35204085",20780.00
"35204087",22139.80
"35204088",46000.00
"35204089",63333.30
"35204090",36520.40
"35204091",14865.40
"35204092",3867.00
"35204093",8312.60
"35204094",11749.60
"35204095",2060.40
"35204096",37191.80
"35204097",37430.10
"35204098",4737.50
"35204100",32980.00
"35204101",31405.20
"35204103",18145.40
"35204105",12053.60
"35204106",2483.80
"35204107",8067.80
"35204109",7376.70
"35204110",18266.40
"35204111",7224.10
"35204113",2646.60
"35204114",2506.40
"35204115",21276.60
"35204116",26201.80
"35204117",17796.80
"35204118",23065.20
"35204119",22941.90
"35204120",5866.00
"35204121",20444.80
"35204124",11273.00
"35204125",8478.50
"35204126",2287.70
"35204127",9214.00
"35204128",15240.00
"35204129",10751.60
"35204130",3416.30
"35204131",1080.90
"35204133",21277.70
"35204134",8148.10
"35204135",43899.70
"35204136",5197.80
"35204137",13389.50
"35204138",14066.30
"35204139",11554.70
"35204141",19114.20
"35204142",12048.30
"35204143",8238.80
"35204144",16139.20
"35204145",17668.60
"35204146",7425.60
"35204147",4031.90
"35204148",8187.70
"35204149",5877.70
"35204150",7277.00
"35204151",5024.30
"35204152",3420.60
"35204153",5245.60
"35204154",3838.50
"35204155",9558.80
"35204156",6094.20
"35204157",716.80
"35204159",5678.70
"35204160",10936.10
"35204161",6748.50
"35204162",2947.40
"35204163",3132.40
"35204164",6887.90
"35204165",12694.90
"35204166",4983.00
"35204167",5737.90
"35204168",6039.70
"35204169",3140.10
"35204170",2897.00
"35204171",9140.90
"35204172",3407.00
"35204173",3278.00
"35204174",9740.70
"35204176",12191.00
"35204177",6238.00
"35204178",1846.10
"35204179",5610.80
"35204180",4792.20
"35204181",5554.60
"35204182",2416.80
"35204183",2158.60
"35204184",60505.10
"35204186",8643.10
"35204187",29891.30
"35204188",16686.20
"35204189",17173.90
"35204190",73674.70
"35204191",12840.20
"35204192",27360.40
"35204193",323.60
"35204194",4455.40
"35204195",40411.60
"35204196",33469.40
"35204197",37484.70
"35204198",59060.80
"35204199",27903.20
"35204200",11408.50
"35204201",1983.10
"35204202",4922.80
"35204204",5067.90
"35204205",5630.10
"35204206",6305.10
"35204207",1508.90
"35204208",31568.60
"35204209",6330.90
"35204211",7364.90
"35204212",35053.80
"35204213",3086.40
"35204214",8330.70
"35204215",7623.40
"35204216",6510.20
"35204217",8054.10
"35204218",5159.80
"35204219",6797.00
"35204220",1122.70
"35204221",18672.60
"35204222",34298.60
"35204224",14763.00
"35204225",15875.00
"35204226",17802.20
"35204227",6828.00
"35204228",24883.90
"35204229",27286.30
"35204230",20245.40
"35204231",19396.40
"35204232",2607.20
"35204233",7230.00
"35204235",2916.40
"35204236",4984.90
"35204237",8568.90
"35204238",3694.40
"35204240",15979.40
"35204242",18672.80
"35204243",14445.60
"35204244",3436.70
"35204245",1937.30
"35204246",32790.70
"35204249",12753.20
"35204250",11281.30
"35204251",2823.00
"35204252",2826.20
"35204253",2564.90
"35204254",20523.30
"35204255",113928.60
"35204256",3333.30
"35204257",2829.50
"35204258",0.00
"35204259",17749.20
"35204261",16057.90
"35204262",3717.50
"35204263",2489.60
"35204265",754.10
"35204266",4553.80
"35204267",4254.60
"35204268",10085.90
"35204269",23631.80
"35204271",2195.00
"35204272",16691.20
"35204273",3809.50
"35204274",21401.50
"35204275",11157.90
"35204276",3161.20
"35204277",3374.30
"35204278",496.50
"35204279",2426.60
"35204280",3285.70
"35204281",6864.00
"35204282",2959.50
"35204283",5000.00
"35204284",22449.10
"35204285",5777.50
"35204286",4641.10
"35204287",6003.10
"35204288",3534.40
"35204289",5998.50
"35204290",8509.80
"35204291",5788.80
"35204292",6744.80
"35204293",1856.00
"35204294",3450.40
"35204295",5353.30
"35204296",4728.90
"35204297",4347.00
"35204298",11219.70
"35204299",4475.90
"35204300",5753.30
"35204301",1914.90
"35204302",4089.10
"35204303",2851.90
"35204304",3312.50
"35204305",12553.40
"35204306",21618.50
"35204307",44888.10
"35204309",3985.30
"35204310",40776.70
"35204311",69909.50
"35204312",66945.80
"35204313",5780.30
"35204314",24104.90
"35204315",4072.10
"35204317",55146.20
"35204318",3190.50
"35204319",2660.70
"35204321",27490.80
"35204322",2602.50
"35204323",5739.50
"35204324",3394.90
"35204325",2857.10
"35204326",9568.30
"35204327",3212.50
"35204328",7888.50
"35204329",8198.90
"35204330",25473.20
"35204331",24564.00
"35204332",2365.50
"35204333",22264.40
"35204334",2457.90
"35204335",17500.00
"35204336",3690.20
"35204337",15275.80
"35204338",2550.70
"35204339",1627.10
"35204340",3336.90
"35204341",3167.70
"35204342",1164.20
"35204343",2453.20
"35204344",5998.90
"35204345",8103.00
"35204346",22945.70
"35204347",17193.90
"35204348",5212.60
"35204349",4763.10
"35204350",4337.20
"35204351",11989.20
"35204352",7788.00
"35204353",15987.10
"35204355",10669.10
"35204356",3965.20
"35204357",12790.70
"35204358",17193.40
"35204359",1961.40
"35204360",986.80
"35204361",3978.90
"35204362",4542.30
"35204363",846.20
"35204364",4158.20
"35204365",4378.20
"35204366",1892.40
"35204367",19601.90
"35204369",5338.40
"35204370",55767.80
"35204371",267246.40
"35204372",17785.60
"35204373",2093.00
"35204374",4204.30
"35204375",3368.20
"35204376",4708.10
"35204377",2577.50
"35204378",3241.20
"35204379",1516.80
"35204380",31326.20
"35204381",37068.10
"35204382",29814.60
"35204383",5282.10
"35204384",21329.60
"35204385",7977.80
"35204386",7950.30
"35204387",4068.50
"35204388",5402.00
"35204389",9105.10
"35204390",41187.10
"35204391",3233.90
"35204392",7041.40
"35204393",2979.50
"35204394",2410.00
"35204395",3480.70
"35204396",3435.50
"35204397",6304.30
"35204398",6642.90
"35204399",4248.30
"35204400",2459.90
"35204401",17438.90
"35204402",5574.70
"35204403",5126.30
"35204404",5076.60
"35204405",6758.60
"35204406",8037.70
"35204407",6789.30
"35204408",5299.50
"35204409",5949.80
"35204410",5459.90
"35204411",13372.40
"35204412",6919.10
"35204413",29212.80
"35204414",17757.30
"35204415",18187.30
"35204416",3568.00
"35204417",4494.30
"35204418",3363.00
"35204419",3847.80
"35204420",4935.20
"35204421",3120.60
"35204422",3913.70
"35204423",5204.30
"35204424",4546.80
"35204425",14236.80
"35204426",15330.00
"35204427",14885.90
"35204428",1949.20
"35204429",3253.90
"35204430",19575.40
"35204431",1350.60
"35204432",12258.80
"35204433",2661.90
"35204434",3094.00
"35204435",3433.00
"35204436",33075.70
"35204437",3631.40
"35204438",8055.60
"35204439",13209.40
"35204440",3665.60
"35204441",4547.90
"35204442",4236.40
"35204443",8442.90
"35204444",1975.50
"35204445",7630.70
"35204446",23598.60
"35204447",7171.00
"35204448",9714.30
"35204449",6383.30
"35204450",5959.60
"35204451",7008.40
"35204452",7806.90
"35204453",4432.50
"35204454",5712.30
"35204455",14569.70
"35204456",7998.60
"35204457",3095.10
"35204458",5713.70
"35204460",535.40
"35204461",7317.40
"35204462",8919.90
"35204463",7701.60
"35204464",16272.90
"35204465",5203.70
"35204466",50988.70
"35204467",34181.80
"35204468",37673.10
"35204469",20922.10
"35204470",47405.90
"35204471",2064.20
"35204472",10097.30
"35204473",8986.40
"35204474",4303.20
"35204475",6926.70
"35204476",8069.60
"35204477",7727.30
"35204478",278.80
"35204479",7.90
"35204480",3027.50
"35204481",9328.60
"35204482",5661.20
"35204483",9637.20
"35204484",6676.30
"35204485",6912.30
"35204486",10258.60
"35204487",52347.60
"35204488",55156.70
"35204489",50074.10
"35204490",8977.70
"35204491",6819.40
"35204492",5480.60
"35204493",8291.50
"35204494",16827.70
"35204495",12082.40
"35204496",12767.10
"35204497",10251.90
"35204498",8327.90
"35204499",10505.60
"35204500",5165.50
"35204501",8356.90
"35204502",10645.20
"35204503",9402.00
"35204504",4728.80
"35204505",24395.10
"35204506",18747.30
"35204507",31423.90
"35204508",13952.30
"35204509",2773.70
"35204510",8432.30
"35204511",2495.90
"35204512",6770.40
"35204513",9164.40
"35204514",8657.80
"35204515",8467.10
"35204516",10195.50
"35204517",5241.60
"35204518",10666.70
"35204519",9729.70
"35204520",18833.30
"35204521",9457.70
"35204522",10091.30
"35204523",8530.30
"35204524",9280.60
"35204525",10356.00
"35204526",11047.40
"35204527",7184.20
"35204528",8829.80
"35204529",7132.90
"35204530",6604.40
"35204531",8199.70
"35204532",24736.80
"35204533",36105.90
"35204534",13927.50
"35204535",33834.10
"35204536",32527.10
"35204537",14953.70
"35204538",6191.00
"35204539",9270.80
"35204540",4899.00
"35204541",7612.90
"35204542",8975.90
"35204543",10520.70
"35204544",22546.10
"35204545",16769.90
"35204546",9814.80
"35204547",8980.80
"35204548",19337.00
"35204549",2434.00
"35204550",8525.30
"35204551",8159.50
"35204552",3834.00
"35204553",7723.40
"35204554",6565.90
"35204555",2272.30
"35204556",9829.20
"35204557",9422.00
"35204558",43715.80
"35204559",2906.50
"35204560",8069.90
"35204561",11025.60
"35204562",11727.60
"35204563",41544.70
"35204564",86477.30
"35204565",63539.80
"35204566",33098.60
"35204567",101598.90
"35204568",10221.20
"35204569",11131.10
"35204570",15294.10
"35204571",19702.10
"35204572",8642.20
"35204573",11793.80
"35204574",9344.50
"35204575",10815.60
"35204576",6469.20
"35204577",7908.60
"35204578",60891.60
"35204579",59264.70
"35204580",39068.80
"35204581",25107.40
"35204582",27591.20
"35204583",14579.90
"35204584",18337.70
"35204585",25727.00
"35204586",10146.10
"35204587",32272.70
"35204588",54382.80
"35204589",36300.90
"35204590",28529.40
"35204591",45464.30
"35204592",44207.00
"35204593",31544.40
"35204594",59000.00
"35204595",118461.50
"35204596",51742.40
"35204597",75753.40
"35204598",22639.30
"35204599",96024.10
"35204600",43849.80
"35204601",115111.10
"35204602",16038.50
"35204603",10198.50
"35204605",93700.80
"35204606",71590.90
"35204607",12259.00
"35204608",19977.20
"35204609",1971.60
"35204610",62521.00
"35204611",63220.30
"35204612",21886.80
"35204613",31638.40
"35204614",68561.60
"35204615",10609.60
"35204616",5963.90
"35204617",4384.30
"35204618",73922.70
"35204620",21140.10
"35204621",37457.60
"35204622",32413.80
"35204623",14210.50
"35204624",37586.20
"35204625",9254.10
"35204626",6486.50
"35204627",9931.80
"35204628",6777.20
"35204629",7932.40
"35204630",5448.10
"35204631",10087.10
"35204632",5000.00
"35204633",15073.10
"35204634",97.60
"35204635",3477.60
"35204636",6216.70
"35204637",6002.30
"35204638",7354.70
"35204639",6869.60
"35204640",6364.90
"35204641",5185.20
"35204642",4395.40
"35204643",6212.50
"35204644",5844.50
"35204645",3789.40
"35204646",8427.70
"35204647",24956.50
"35204648",9466.10
"35204649",2827.30
"35204650",21021.40
"35204652",47768.20
"35204653",50215.90
"35204655",32306.20
"35204656",16875.00
"35204657",18038.00
"35204658",10485.40
"35204659",14875.30
"35204660",11672.00
"35204661",12623.00
"35204662",24891.00
"35204663",9914.90
"35204664",12130.80
"35204665",12746.80
"35204666",25449.20
"35204667",6443.80
"35204668",15524.00
"35204669",30310.60
"35204670",8207.90
"35204671",13026.70
"35204672",2109.80
"35204673",4244.80
"35204674",3735.70
"35204675",5887.00
"35204676",24309.70
"35204678",4499.40
"35204679",6785.70
"35204680",2388.70
"35204681",4479.00
"35204682",4284.40
"35204683",5644.70
"35204684",11791.00
"35204685",4593.20
"35204686",4718.10
"35204687",6037.40
"35204688",13876.30
"35204689",16817.20
"35204690",6903.60
"35204691",9449.80
"35204692",7594.90
"35204693",6689.70
"35204694",8169.00
"35204695",909.80
"35204696",4168.30
"35204697",18815.30
"35204698",1346.80
"35204699",61782.20
"35204700",12777.80
"35204701",204.80
"35204704",24076.70
"35204705",2925.40
"35204707",12539.30
"35204708",3179.60
"35204709",2425.90
"35204710",371.60
"35204711",4305.60
"35204712",1835.40
"35204714",3803.10
"35204715",5915.60
"35204716",5882.40
"35204717",2044.20
"35204718",2317.20
"35204719",6243.50
"35204720",7364.20
"35204721",7857.10
"35204722",2997.70
"35204723",1070.50
"35204725",279.70
"35204726",10676.90
"35204727",10603.40
"35204728",9911.50
"35204729",11436.90
"35204730",14596.00
"35204731",15714.30
"35204732",10814.70
"35204733",47.30
"35204734",14637.70
"35204735",20262.50
"35204736",3284.00
"35204737",5596.50
"35204738",32208.40
"35204739",4372.70
"35204740",17582.50
"35204741",5517.80
"35204742",16027.80
"35204743",372.70
"35204744",4556.90
"35204745",3552.70
"35204746",4036.80
"35204747",7696.90
"35204748",23720.30
"35204749",32771.10
"35204750",982.30
"35204751",11655.60
"35204752",9428.60
"35204753",13015.90
"35204754",59203.30
"35204755",42226.10
"35204756",25378.00
"35204757",7749.50
"35204758",44736.80
"35204759",36666.70
"35204760",444.90
"35204761",5333.90
"35204762",4251.20
"35204763",11414.20
"35204764",868.90
"35204765",27209.60
"35204766",6232.30
"35204767",44032.30
"35204768",13172.50
"35204769",1935.00
"35204770",6452.30
"35204771",1213.90
"35204772",28136.70
"35204773",6388.60
"35204774",27869.30
"35204775",10591.70
"35204776",31121.20
"35204777",33387.10
"35204778",5133.80
"35204779",4904.60
"35204780",3404.40
"35204781",2886.20
"35204782",92007.00
"35204783",0.00
"35204784",0.00
"35204785",2478.90
"35204786",3525.70
"35204787",11104.00
"35204788",6145.90
"35204789",26250.00
"35204790",20801.70
"35204791",3539.30
"35204793",704.40
"35204794",24274.20
"35204795",10251.70
"35204796",20979.90
"35204797",12617.70
"35204798",11164.10
"35204799",5332.90
"35204800",1038.70
"35204801",10341.70
"35204802",8008.70
"35204803",26057.00
"35204805",7834.30
"35204806",8234.10
"35204807",25966.00
"35204808",18856.50
"35204809",10744.40
"35204810",6023.50
"35204811",18448.90
"35204812",16647.70
"35204813",9945.90
"35204814",28096.70
"35204815",39811.30
"35204816",40000.00
"35204817",15268.40
"35204819",32041.80
"35204820",56436.60
"35204821",9883.80
"35204822",51243.40
"35204823",35414.80
"35204824",71020.40
"35204825",19894.40
"35204826",10913.80
"35204827",18188.90
"35204828",76913.60
"35204829",28368.10
"35204830",25749.10
"35204831",24677.40
"35204832",39549.50
"35204833",7053.30
"35204835",5841.90
"35204836",6177.40
"35204837",9203.40
"35204838",45721.20
"35204839",27586.80
"35204840",2324.00
"35204841",18276.60
"35204842",31395.60
"35204843",18549.50
"35204844",27284.10
"35204845",16986.20
"35204846",50127.40
"35204847",97902.10
"35204848",18313.30
"35204850",6588.60
"35204851",16602.60
"35204852",5507.60
"35204853",2450.00
"35204854",0.00
"35204855",1183.20
"35204856",1989.70
"35204857",1909.40
"35204858",47807.50
"35204859",102686.60
"35204860",0.00
"35204861",8860.20
"35204862",44163.10
"35204863",71120.70
"35204864",0.00
"35204865",32719.50
"35204866",3191.20
"35204867",20448.20
"35204869",15763.50
"35204870",19883.00
"35204871",39821.80
"35204872",23757.40
"35204873",1113.70
"35204876",111384.60
"35204877",27851.20
"35204878",0.00
"35204879",15753.60
"35204880",25372.70
"35204881",9264.70
"35204882",21064.60
"35204883",50158.30
"35204884",2542.30
"35204885",48200.50
"35204886",12894.70
"35204887",3619.70
"35204888",28652.00
"35204889",13698.60
"35204890",1140.50
"35204891",678.10
"35204892",1254.20
"35204893",2000.00
"35204894",18705.70
"35204895",8237.80
"35204896",10754.60
"35204897",33816.00
"35204898",4286.30
"35204899",0.00
"35204900",53504.40
"35204901",3446.60
"35204902",25025.10
"35204903",5550.30
"35204904",6978.80
"35204905",1629.80
"35204906",6700.50
